{"cameraMode":{"drawMode":0,"name":"Shaded","section":"Shading Mode"},"sceneLighting":false,"audioPlay":false,"sceneViewState":{"m_AlwaysRefresh":false,"showFog":true,"showSkybox":false,"showFlares":true,"showImageEffects":true,"showParticleSystems":true,"showVisualEffectGraphs":true,"m_FxEnabled":true},"in2DMode":false,"pivot":{"x":-1.210719347000122e-8,"y":0.040478337556123736,"z":0.07738222926855087},"rotation":{"x":-0.3296041190624237,"y":-0.5945000052452087,"z":0.2893328070640564,"w":-0.6743016242980957},"size":0.13603085279464723,"orthographic":false}